{
  "status": "FAIL",
  "fp32_onnx": "/opt/data/private/Linxi/nwm/git/Robot_Project/output/quantilize/onnx_fp32/cdit_s_fp32.onnx",
  "int8_onnx": "/opt/data/private/Linxi/nwm/git/Robot_Project/output/quantilize/onnx_int8_qdq/cdit_s_int8_qdq.onnx",
  "inputs": "/opt/data/private/Linxi/nwm/git/Robot_Project/output/quantilize/alignment_inputs/cdit_fp32_align_inputs.npz",
  "rtol": 0.01,
  "atol": 0.01,
  "fp32_output_shape": [
    1,
    8,
    28,
    28
  ],
  "int8_output_shape": [
    1,
    8,
    28,
    28
  ],
  "shape_match": true,
  "allclose": false,
  "metrics": {
    "max_abs_error": 0.5099654197692871,
    "mean_abs_error": 0.0933138139276134,
    "rmse": 0.11972122700074263,
    "relative_l2_error": 0.17046090083807425,
    "cosine_similarity": 0.9906507986418982
  },
  "per_channel_mean_abs_error": [
    0.11587813014629857,
    0.11401137560464196,
    0.11551658445483665,
    0.11150997489196424,
    0.07145217036334228,
    0.06527615973383796,
    0.08243029528506557,
    0.07043582094091998
  ],
  "per_sample_metrics": [
    {
      "max_abs_error": 0.5099654197692871,
      "mean_abs_error": 0.0933138139276134,
      "rmse": 0.11972122700074263,
      "relative_l2_error": 0.17046090083807425,
      "cosine_similarity": 0.9906507986418982,
      "sample_index": 0
    }
  ],
  "output_ranges": {
    "fp32_min": -3.1729886531829834,
    "fp32_max": 3.156018018722534,
    "int8_min": -3.479708194732666,
    "int8_max": 3.435190200805664
  }
}